id,first_name,last_name,email,gender,ip_address
1,Deidre,McLeoid,dmcleoid0@github.io,Female,241.79.115.71
2,Jacqui,Gaines,jgaines1@free.fr,Female,195.87.58.156
3,Casandra,Biggam,cbiggam2@thetimes.co.uk,Female,252.241.154.87
4,Morie,Sartain,msartain3@aboutads.info,Male,170.82.69.153
5,Tommie,Longworthy,tlongworthy4@ehow.com,Male,16.12.144.36
6,Oliviero,Parkhouse,oparkhouse5@yolasite.com,Bigender,65.3.164.12
7,Cornie,Sellar,csellar6@sun.com,Male,30.104.150.51
8,Demetris,Prudence,dprudence7@taobao.com,Female,20.53.25.133
9,Francesca,Hamerton,fhamerton8@epa.gov,Female,2.200.9.122
10,Dave,Richardt,drichardt9@biblegateway.com,Male,108.91.69.218
11,Gayleen,Testin,gtestina@newyorker.com,Female,79.77.236.112
12,Tabbi,Alberti,talbertib@google.com.hk,Female,255.161.132.116
13,Becka,Bambrick,bbambrickc@mysql.com,Female,72.242.69.255
14,Ebeneser,Purcell,epurcelld@adobe.com,Male,43.91.219.143
15,Nollie,Tandy,ntandye@clickbank.net,Female,138.160.54.194
16,Clemente,Overall,coverallf@vkontakte.ru,Male,29.9.161.129
17,Vlad,Holby,vholbyg@uol.com.br,Male,109.116.9.221
18,Audrey,Pales,apalesh@shutterfly.com,Female,162.18.171.235
19,Konstance,Longhi,klonghii@friendfeed.com,Female,251.78.234.118
20,Leyla,Curry,lcurryj@dropbox.com,Female,207.77.180.107
21,Vincenty,Coppeard,vcoppeardk@prnewswire.com,Male,127.144.182.48
22,Graehme,Twyning,gtwyningl@adobe.com,Male,250.123.15.166
23,Mathias,Tondeur,mtondeurm@cnbc.com,Male,30.194.99.49
24,Amelie,Antoons,aantoonsn@elpais.com,Female,57.188.242.197
25,Hirsch,Tyers,htyerso@bloomberg.com,Male,202.135.214.221
26,Ulrika,Bullin,ubullinp@nhs.uk,Female,35.66.237.44
27,Ira,Yerby,iyerbyq@thetimes.co.uk,Agender,142.243.11.133
28,Hillel,Hammerson,hhammersonr@theatlantic.com,Non-binary,99.134.193.195
29,Langsdon,Bissett,lbissetts@barnesandnoble.com,Male,229.47.93.189
30,Minda,Doggrell,mdoggrellt@yahoo.co.jp,Female,157.65.165.80
31,Catha,Brimicombe,cbrimicombeu@icq.com,Female,192.6.77.21
32,Barclay,Brinklow,bbrinklowv@bluehost.com,Non-binary,111.105.227.51
33,Wallis,Gullane,wgullanew@engadget.com,Genderqueer,200.78.109.161
34,Staford,Bertolaccini,sbertolaccinix@weather.com,Male,75.254.145.45
35,Caresse,Dimic,cdimicy@cbsnews.com,Female,200.185.244.19
36,Cele,Marchington,cmarchingtonz@shop-pro.jp,Female,148.196.3.159
37,Del,Ziems,dziems10@ca.gov,Female,236.27.25.234
38,Keith,Moulder,kmoulder11@clickbank.net,Male,178.70.78.227
39,Greggory,Garken,ggarken12@mysql.com,Male,194.171.124.75
40,Cordy,Heinemann,cheinemann13@so-net.ne.jp,Male,235.228.69.203
41,Desi,Riseborough,driseborough14@globo.com,Male,130.8.227.205
42,Ferrell,Rydzynski,frydzynski15@weibo.com,Male,165.246.89.34
43,Barbara-anne,Butcher,bbutcher16@ed.gov,Female,169.234.87.94
44,Sharl,Kelsow,skelsow17@time.com,Female,144.45.19.171
45,Langston,Francescotti,lfrancescotti18@opera.com,Male,21.252.26.92
46,Hermine,Eilers,heilers19@123-reg.co.uk,Female,172.6.162.192
47,Latisha,Kenningham,lkenningham1a@people.com.cn,Female,143.184.137.137
48,Brenn,Selley,bselley1b@lycos.com,Female,87.127.223.210
49,Mercedes,Weeden,mweeden1c@mayoclinic.com,Non-binary,250.250.218.210
50,Avram,Sueter,asueter1d@china.com.cn,Male,239.68.20.132
51,Jackie,Maase,jmaase1e@patch.com,Female,89.166.18.141
52,Emery,Welland,ewelland1f@nymag.com,Male,178.128.192.250
53,Vito,Lardge,vlardge1g@zdnet.com,Agender,225.202.207.58
54,Mallory,Garritley,mgarritley1h@salon.com,Female,241.250.70.27
55,Reinwald,Roussel,rroussel1i@drupal.org,Male,239.76.247.188
56,Fan,Fookes,ffookes1j@plala.or.jp,Female,89.32.125.8
57,Lindi,Eary,leary1k@discovery.com,Female,222.70.111.12
58,Owen,Glencrosche,oglencrosche1l@topsy.com,Male,24.207.93.147
59,Alysia,Meugens,ameugens1m@fc2.com,Female,172.240.42.155
60,Abigale,Down,adown1n@google.es,Female,162.193.59.86
61,Dennet,Poole,dpoole1o@storify.com,Male,55.30.184.66
62,Giorgi,Doey,gdoey1p@tuttocitta.it,Non-binary,250.54.247.206
63,Lawry,Jeandeau,ljeandeau1q@shinystat.com,Male,174.211.23.174
64,Helyn,Noseworthy,hnoseworthy1r@weather.com,Non-binary,253.156.239.38
65,Charlotta,Meany,cmeany1s@storify.com,Female,51.92.68.156
66,Bab,Wrotham,bwrotham1t@nih.gov,Female,251.147.33.123
67,Maxy,Ort,mort1u@japanpost.jp,Male,206.143.97.56
68,Kristofor,Jenkin,kjenkin1v@reverbnation.com,Male,95.88.211.4
69,Troy,McChesney,tmcchesney1w@myspace.com,Male,137.164.134.139
70,Harald,Maton,hmaton1x@indiegogo.com,Male,88.233.183.33
71,Gary,Mussen,gmussen1y@bigcartel.com,Male,11.232.189.198
72,Emmaline,Worral,eworral1z@cafepress.com,Female,31.255.51.233
73,Onofredo,Whitefoot,owhitefoot20@noaa.gov,Male,225.234.102.199
74,Faber,Trevon,ftrevon21@surveymonkey.com,Male,197.233.119.189
75,Ivory,Tours,itours22@spotify.com,Female,61.41.141.223
76,Randee,Bowdery,rbowdery23@washington.edu,Female,171.139.10.59
77,Isidro,McKevitt,imckevitt24@squarespace.com,Male,45.203.34.22
78,Gilly,Keay,gkeay25@sitemeter.com,Bigender,236.237.78.83
79,Velma,Backes,vbackes26@shutterfly.com,Female,238.166.143.135
80,Deane,Harmstone,dharmstone27@cpanel.net,Male,89.85.27.86
81,Creighton,Summerley,csummerley28@prlog.org,Male,154.156.249.254
82,Tallulah,Faint,tfaint29@vinaora.com,Female,38.180.126.53
83,Alejandra,Bowlas,abowlas2a@yolasite.com,Female,135.115.146.12
84,Waylin,Echallie,wechallie2b@macromedia.com,Male,96.117.60.77
85,Brocky,Mongan,bmongan2c@ft.com,Male,136.73.134.162
86,Sebastien,Peasegood,speasegood2d@w3.org,Male,123.0.13.175
87,Law,Naughton,lnaughton2e@ucsd.edu,Male,198.185.122.100
88,Vite,Parkhouse,vparkhouse2f@uiuc.edu,Male,37.23.156.229
89,Rodd,Blunden,rblunden2g@abc.net.au,Polygender,241.203.241.232
90,Cleavland,Kewley,ckewley2h@myspace.com,Male,131.4.149.6
91,Barnie,Lamberts,blamberts2i@purevolume.com,Male,152.74.215.120
92,Ethelyn,Stokey,estokey2j@privacy.gov.au,Female,235.202.237.51
93,Cly,McIlveen,cmcilveen2k@mayoclinic.com,Male,32.73.241.37
94,Burgess,Elnaugh,belnaugh2l@tmall.com,Male,239.131.38.170
95,Pincus,Brownsell,pbrownsell2m@rediff.com,Male,154.6.240.72
96,Alyss,Gribbin,agribbin2n@behance.net,Female,30.9.224.199
97,Trumann,Ziem,tziem2o@nhs.uk,Male,98.34.93.250
98,Myrwyn,Fiddymont,mfiddymont2p@devhub.com,Male,124.208.239.186
99,Garwood,O'Shiels,goshiels2q@booking.com,Male,107.116.252.241
100,Brunhilda,Eisold,beisold2r@livejournal.com,Female,246.203.121.217
101,Charita,Tancock,ctancock2s@blogtalkradio.com,Non-binary,213.64.132.235
102,Jaye,Chaddock,jchaddock2t@cbsnews.com,Male,142.100.239.130
103,Ron,Oubridge,roubridge2u@sitemeter.com,Male,134.50.175.44
104,Marcelle,Rorke,mrorke2v@cbsnews.com,Bigender,150.147.161.254
105,Yvonne,Abrams,yabrams2w@si.edu,Female,28.25.252.251
106,Rurik,Grigorio,rgrigorio2x@dropbox.com,Genderqueer,51.158.46.210
107,Analise,Ornells,aornells2y@naver.com,Female,235.184.52.185
108,Delphinia,Boneham,dboneham2z@java.com,Female,119.64.140.8
109,Elke,Shires,eshires30@dion.ne.jp,Female,217.8.44.80
110,Ulrick,Tamblingson,utamblingson31@yelp.com,Male,10.30.21.53
111,Graeme,Carty,gcarty32@cornell.edu,Male,108.90.68.230
112,Onfroi,O'Connel,ooconnel33@linkedin.com,Male,210.81.239.23
113,Paten,Beckerleg,pbeckerleg34@google.co.uk,Male,196.103.131.72
114,Liza,Babar,lbabar35@phoca.cz,Female,65.163.248.148
115,Aimil,Fonte,afonte36@businesswire.com,Female,90.33.127.109
116,Kania,Scarlett,kscarlett37@youku.com,Female,89.52.128.248
117,Rhodia,Grigore,rgrigore38@newsvine.com,Female,200.112.14.189
118,Shurwood,Stoddard,sstoddard39@nature.com,Male,31.153.240.110
119,Cly,Room,croom3a@alexa.com,Male,239.99.251.166
120,Fernandina,Ivashchenko,fivashchenko3b@hp.com,Female,4.35.228.162
121,Adrianna,Clements,aclements3c@ftc.gov,Female,199.6.147.61
122,Kally,Stinchcombe,kstinchcombe3d@symantec.com,Female,174.0.61.80
123,Ebeneser,Juhruke,ejuhruke3e@stanford.edu,Male,9.125.171.163
124,Karia,Vlach,kvlach3f@creativecommons.org,Female,67.167.226.129
125,Phip,Girk,pgirk3g@1und1.de,Male,229.95.226.81
126,Dael,Freyn,dfreyn3h@skyrock.com,Male,66.48.154.31
127,Rikki,Clelle,rclelle3i@amazon.de,Non-binary,0.206.102.156
128,Rosene,Laugharne,rlaugharne3j@baidu.com,Female,117.96.171.11
129,Malvina,Dorricott,mdorricott3k@elpais.com,Female,227.164.70.95
130,Gabbie,Kepp,gkepp3l@studiopress.com,Male,111.137.163.112
131,Aviva,Grigoletti,agrigoletti3m@weebly.com,Genderfluid,224.49.63.3
132,Vita,Everton,veverton3n@shop-pro.jp,Female,10.104.84.247
133,Rafaellle,Forsard,rforsard3o@rakuten.co.jp,Male,65.153.176.191
134,Othilie,Sword,osword3p@jugem.jp,Female,112.234.155.67
135,Audre,Minghetti,aminghetti3q@mac.com,Female,238.38.37.177
136,Conney,Vanyatin,cvanyatin3r@youtube.com,Male,100.160.247.8
137,Efren,Swinden,eswinden3s@wunderground.com,Male,22.83.134.251
138,Elisabeth,Eby,eeby3t@sfgate.com,Female,149.124.225.67
139,Lefty,Veregan,lveregan3u@mysql.com,Male,39.106.229.16
140,Abbe,Shawl,ashawl3v@arizona.edu,Female,123.127.20.226
141,Melisent,Docker,mdocker3w@sakura.ne.jp,Female,170.29.24.179
142,Berty,Eaden,beaden3x@google.de,Male,177.10.16.148
143,Morey,Saltman,msaltman3y@opensource.org,Male,185.18.168.113
144,Skylar,Healy,shealy3z@4shared.com,Male,123.39.234.2
145,Kin,Burril,kburril40@etsy.com,Male,29.61.157.72
146,Paulo,Stoacley,pstoacley41@opensource.org,Polygender,244.192.182.136
147,Eugenia,Vellender,evellender42@noaa.gov,Female,149.50.192.201
148,Ashla,Von Oertzen,avonoertzen43@surveymonkey.com,Female,199.157.191.179
149,Alexina,Wessell,awessell44@ft.com,Genderfluid,214.211.128.27
150,Tedi,Lile,tlile45@linkedin.com,Female,70.51.69.110
151,Estevan,Baldin,ebaldin46@nifty.com,Male,117.122.193.65
152,Dudley,Brabham,dbrabham47@ftc.gov,Male,105.21.38.64
153,Juanita,Placide,jplacide48@parallels.com,Female,36.66.41.82
154,Dilan,Beckers,dbeckers49@dot.gov,Male,157.60.81.205
155,Goran,Manhare,gmanhare4a@delicious.com,Male,212.171.223.55
156,Beryle,Gatheral,bgatheral4b@va.gov,Female,186.107.74.65
157,Deny,Grenkov,dgrenkov4c@usda.gov,Female,41.152.25.0
158,Josee,Elph,jelph4d@blogger.com,Female,5.9.121.155
159,Nico,Pahl,npahl4e@youku.com,Male,92.234.17.54
160,Gauthier,Dolton,gdolton4f@livejournal.com,Male,189.162.10.194
161,Fair,Spary,fspary4g@squidoo.com,Male,56.155.249.244
162,Franklyn,Boal,fboal4h@google.co.uk,Male,162.52.196.187
163,Jarrett,Beachem,jbeachem4i@privacy.gov.au,Male,179.68.84.72
164,Anya,Plaxton,aplaxton4j@ifeng.com,Female,233.209.204.245
165,Tito,Gasking,tgasking4k@soundcloud.com,Male,230.147.3.35
166,Iago,Lung,ilung4l@intel.com,Male,13.35.125.219
167,Clim,Verrier,cverrier4m@home.pl,Male,6.32.40.9
168,Hadria,Caffrey,hcaffrey4n@pinterest.com,Polygender,250.28.200.179
169,Leontine,Place,lplace4o@psu.edu,Female,163.28.142.80
170,Rafaello,Johansson,rjohansson4p@canalblog.com,Non-binary,252.18.98.228
171,Catlaina,Symper,csymper4q@infoseek.co.jp,Genderfluid,135.31.169.92
172,Osborne,Adamovitz,oadamovitz4r@ifeng.com,Male,42.137.234.177
173,Briggs,Timmis,btimmis4s@networksolutions.com,Male,49.43.157.198
174,Anna-diane,Haggie,ahaggie4t@cisco.com,Female,15.90.133.111
175,Uta,Ciobutaro,uciobutaro4u@vimeo.com,Polygender,115.240.142.108
176,Vernen,Badham,vbadham4v@myspace.com,Male,239.27.84.8
177,Prudence,Breffitt,pbreffitt4w@dell.com,Agender,131.71.102.100
178,Wang,Cuerdale,wcuerdale4x@chicagotribune.com,Male,21.56.78.192
179,Andras,Posen,aposen4y@apache.org,Male,240.79.216.217
180,Malena,Richin,mrichin4z@tinyurl.com,Female,51.148.202.55
181,Taddeo,Boothroyd,tboothroyd50@alibaba.com,Male,71.97.134.7
182,Trescha,Aylwin,taylwin51@dedecms.com,Female,187.146.14.142
183,Arnaldo,Neild,aneild52@engadget.com,Male,120.188.237.105
184,Hetty,Perrygo,hperrygo53@yahoo.com,Female,200.170.210.80
185,Margot,Churcher,mchurcher54@goo.ne.jp,Female,16.4.216.30
186,Megan,Milier,mmilier55@mediafire.com,Female,144.25.202.153
187,Perceval,Alsopp,palsopp56@cyberchimps.com,Genderqueer,11.236.134.145
188,Reagan,Hatchette,rhatchette57@cnet.com,Male,159.165.94.164
189,Boigie,Marchington,bmarchington58@4shared.com,Male,58.9.225.114
190,Christabel,Suttell,csuttell59@google.ru,Female,110.163.103.0
191,Conway,Warratt,cwarratt5a@oracle.com,Male,22.245.173.178
192,Mireielle,Michell,mmichell5b@jalbum.net,Female,87.97.57.182
193,Janek,Jallin,jjallin5c@apache.org,Male,187.151.88.14
194,Danni,MacTerrelly,dmacterrelly5d@unc.edu,Female,158.112.241.136
195,Tiebold,O'Moylan,tomoylan5e@plala.or.jp,Male,234.137.190.187
196,Sky,Klaus,sklaus5f@bloglovin.com,Male,197.95.254.15
197,Ileane,MacIlraith,imacilraith5g@blogs.com,Female,131.111.181.72
198,Aloysia,Kaufman,akaufman5h@example.com,Genderqueer,83.34.227.179
199,Almire,Bromby,abromby5i@artisteer.com,Female,103.179.161.61
200,Forster,MacConnechie,fmacconnechie5j@phpbb.com,Non-binary,54.146.68.211
201,Angeli,Limon,alimon5k@craigslist.org,Male,157.192.171.52
202,Waverley,Gamblin,wgamblin5l@goo.ne.jp,Male,251.17.54.190
203,Andrej,Enion,aenion5m@army.mil,Male,145.104.6.107
204,Samuel,Whalebelly,swhalebelly5n@ucoz.com,Male,114.43.173.243
205,Carleton,de Copeman,cdecopeman5o@webeden.co.uk,Male,174.121.247.107
206,Francesca,Shewan,fshewan5p@hexun.com,Female,123.65.29.22
207,Micah,Manach,mmanach5q@usatoday.com,Male,216.132.14.255
208,Reade,Egglestone,regglestone5r@odnoklassniki.ru,Male,60.226.93.101
209,Arleyne,Figin,afigin5s@house.gov,Female,86.27.223.162
210,Giacinta,Burrill,gburrill5t@yandex.ru,Female,223.12.204.36
211,Tabor,Mountstephen,tmountstephen5u@google.fr,Male,38.45.74.106
212,Cthrine,Carletti,ccarletti5v@bluehost.com,Agender,60.133.142.99
213,Jorrie,Browse,jbrowse5w@usgs.gov,Female,141.220.56.15
214,Carol,Flowers,cflowers5x@squarespace.com,Female,4.86.249.254
215,Stuart,Drummond,sdrummond5y@mlb.com,Male,253.157.45.204
216,Vidovic,Ugo,vugo5z@mozilla.com,Male,113.247.45.90
217,Barbe,Sainteau,bsainteau60@weebly.com,Bigender,60.169.64.183
218,Evangelin,Stretton,estretton61@prlog.org,Female,234.110.174.170
219,Germaine,Lead,glead62@goo.gl,Male,134.20.123.34
220,Rasia,Dolphin,rdolphin63@paginegialle.it,Female,213.92.21.162
221,Zarla,Marshman,zmarshman64@over-blog.com,Female,193.243.68.76
222,Rickert,McLugish,rmclugish65@bbc.co.uk,Male,135.89.255.80
223,Beniamino,Heaford,bheaford66@globo.com,Male,214.5.212.238
224,Rosalie,Tetsall,rtetsall67@patch.com,Female,237.122.157.189
225,Brandice,Durnin,bdurnin68@fc2.com,Female,119.34.42.67
226,Birk,Wong,bwong69@forbes.com,Male,195.213.146.142
227,Alfonse,Girardengo,agirardengo6a@harvard.edu,Male,143.253.47.88
228,Briny,McConnel,bmcconnel6b@arstechnica.com,Female,103.83.101.150
229,Michaeline,Duchenne,mduchenne6c@ycombinator.com,Female,37.91.86.116
230,Kendrick,Garnam,kgarnam6d@arstechnica.com,Male,122.8.70.249
231,Lee,Babbage,lbabbage6e@apache.org,Female,81.37.151.21
232,Nial,Coady,ncoady6f@dailymotion.com,Male,78.211.157.79
233,Marcus,Dwire,mdwire6g@imageshack.us,Male,32.137.227.91
234,Juliet,Garrud,jgarrud6h@aol.com,Genderqueer,35.39.249.255
235,Dex,Lovel,dlovel6i@symantec.com,Male,92.56.149.222
236,Bel,Crookall,bcrookall6j@columbia.edu,Female,56.208.65.20
237,Deloris,Gilsthorpe,dgilsthorpe6k@twitpic.com,Female,203.20.150.177
238,Perri,Arkle,parkle6l@yellowbook.com,Female,228.205.243.41
239,Davide,Goozee,dgoozee6m@hubpages.com,Male,46.178.226.239
240,Ashly,Utting,autting6n@scientificamerican.com,Female,247.1.249.222
241,Crysta,Cundy,ccundy6o@geocities.jp,Genderqueer,60.67.197.252
242,Sigismund,Alsopp,salsopp6p@jugem.jp,Male,118.101.127.8
243,Susanna,Rolf,srolf6q@marriott.com,Female,9.123.201.37
244,Hoyt,Hasselby,hhasselby6r@google.it,Male,131.145.129.142
245,Jamesy,Tiuit,jtiuit6s@dedecms.com,Male,48.247.204.32
246,Erena,Heijnen,eheijnen6t@vistaprint.com,Non-binary,74.84.42.30
247,Eliza,Edger,eedger6u@usnews.com,Female,245.224.152.185
248,Davin,Beekman,dbeekman6v@imgur.com,Male,219.186.202.149
249,Maynord,Yushmanov,myushmanov6w@nifty.com,Non-binary,132.116.4.200
250,Allen,Truesdale,atruesdale6x@prweb.com,Male,208.33.39.101
251,Ola,McGarrahan,omcgarrahan6y@about.me,Polygender,32.172.70.30
252,Rudd,Eymor,reymor6z@bandcamp.com,Male,179.73.12.130
253,Johnette,Dunklee,jdunklee70@surveymonkey.com,Female,161.155.120.254
254,Ferdy,Barnardo,fbarnardo71@epa.gov,Male,42.240.170.252
255,Heywood,Henriet,hhenriet72@reuters.com,Male,47.126.18.7
256,Ephraim,Sexon,esexon73@ezinearticles.com,Male,139.181.37.247
257,Isac,Quadling,iquadling74@delicious.com,Male,40.91.25.254
258,Lorenza,Fingleton,lfingleton75@state.tx.us,Female,19.117.123.133
259,Jennette,Lamden,jlamden76@ucoz.ru,Female,158.226.53.46
260,Hartley,Yoodall,hyoodall77@cnbc.com,Male,96.15.114.66
261,Batholomew,Kmiec,bkmiec78@sohu.com,Male,16.127.196.230
262,Arden,Dunning,adunning79@ovh.net,Female,72.195.20.135
263,Kennie,Cisson,kcisson7a@stanford.edu,Male,183.129.82.9
264,Amara,Girard,agirard7b@yellowbook.com,Female,42.237.57.178
265,Tricia,Ivanishin,tivanishin7c@microsoft.com,Female,24.208.171.221
266,Cora,Idiens,cidiens7d@unicef.org,Female,83.184.102.226
267,Hillard,Kirkhouse,hkirkhouse7e@scientificamerican.com,Male,42.112.235.54
268,Zared,Eddington,zeddington7f@goodreads.com,Non-binary,45.219.176.246
269,Gabbey,Vaneschi,gvaneschi7g@nasa.gov,Female,20.215.17.45
270,Gabriello,Spyvye,gspyvye7h@nbcnews.com,Male,108.69.144.161
271,Rebecka,Noar,rnoar7i@canalblog.com,Female,72.195.167.217
272,Rosabella,Bazley,rbazley7j@hugedomains.com,Female,92.44.36.38
273,Griswold,De Blasi,gdeblasi7k@japanpost.jp,Male,80.87.214.7
274,Haywood,Guido,hguido7l@engadget.com,Male,133.134.21.95
275,Carolynn,Penelli,cpenelli7m@xrea.com,Female,128.86.144.245
276,Tomkin,Chaman,tchaman7n@amazon.co.jp,Male,72.150.17.251
277,Bartholomeus,Sircombe,bsircombe7o@foxnews.com,Male,141.223.247.4
278,Tabitha,Attwell,tattwell7p@naver.com,Female,126.133.136.252
279,Gaile,Das,gdas7q@msu.edu,Agender,64.134.180.253
280,Stevie,Ackers,sackers7r@hugedomains.com,Male,81.164.145.166
281,Charity,Humphrey,chumphrey7s@google.fr,Female,200.203.158.123
282,Baillie,Archard,barchard7t@globo.com,Male,233.227.156.52
283,Kristo,Edie,kedie7u@intel.com,Male,244.129.48.100
284,Ike,Colecrough,icolecrough7v@wikia.com,Male,197.145.20.117
285,Lana,Roake,lroake7w@shop-pro.jp,Female,175.2.82.255
286,Kissee,Schwanden,kschwanden7x@pinterest.com,Female,25.211.189.170
287,Stevy,Luxon,sluxon7y@army.mil,Male,125.161.42.65
288,Antons,Paulou,apaulou7z@netvibes.com,Male,239.237.251.14
289,Bernadine,Gealy,bgealy80@studiopress.com,Female,157.230.16.141
290,Melita,Vala,mvala81@house.gov,Polygender,212.157.213.238
291,Scott,O'Rourke,sorourke82@lulu.com,Male,246.249.226.61
292,Konstantin,Buntine,kbuntine83@youtu.be,Male,91.174.167.160
293,Hermine,Paolacci,hpaolacci84@toplist.cz,Female,104.151.130.36
294,Maryann,Hammon,mhammon85@pcworld.com,Female,20.220.123.6
295,Dita,Mendonca,dmendonca86@flickr.com,Female,130.34.63.252
296,Donetta,Guinery,dguinery87@cloudflare.com,Female,232.167.139.151
297,Laurena,Bundock,lbundock88@amazon.com,Female,159.185.137.102
298,Veronika,Milberry,vmilberry89@jiathis.com,Female,165.211.45.50
299,Janeczka,Choffin,jchoffin8a@skype.com,Female,86.191.145.202
300,Briggs,Velez,bvelez8b@nydailynews.com,Male,50.212.80.237
301,Inez,Ossenna,iossenna8c@is.gd,Female,252.175.106.94
302,Lorena,Bull,lbull8d@engadget.com,Female,31.188.189.250
303,Deane,Covington,dcovington8e@ftc.gov,Agender,93.36.167.202
304,Eugene,Bamber,ebamber8f@mozilla.com,Male,198.97.108.56
305,Domini,Domino,ddomino8g@cyberchimps.com,Polygender,139.188.251.144
306,Marlin,Greenhalf,mgreenhalf8h@nba.com,Agender,176.104.165.187
307,Erika,Layborn,elayborn8i@cnbc.com,Non-binary,180.62.195.40
308,Cheston,Clarson,cclarson8j@dedecms.com,Male,56.192.112.188
309,Barr,Philippart,bphilippart8k@cafepress.com,Male,72.122.175.129
310,Ericka,Tytcomb,etytcomb8l@geocities.com,Female,241.236.140.90
311,Mohandas,Capelow,mcapelow8m@msu.edu,Male,191.141.106.147
312,Maurise,Blundan,mblundan8n@surveymonkey.com,Female,47.253.152.147
313,Arthur,Bortolozzi,abortolozzi8o@g.co,Male,105.21.101.213
314,Inger,Swann,iswann8p@instagram.com,Female,250.222.15.243
315,Emmey,Bates,ebates8q@reuters.com,Female,251.198.104.1
316,Ortensia,Van Geffen,ovangeffen8r@dailymail.co.uk,Female,110.215.134.160
317,Alvina,Semple,asemple8s@freewebs.com,Female,51.68.254.31
318,Terrill,Masarrat,tmasarrat8t@cbslocal.com,Male,246.168.81.173
319,Rosalind,Kinchley,rkinchley8u@google.cn,Female,14.20.116.115
320,Wright,Mucklo,wmucklo8v@hibu.com,Male,97.84.42.197
321,Prinz,Ethridge,pethridge8w@goo.gl,Male,5.122.150.38
322,Missy,Ringwood,mringwood8x@furl.net,Female,56.3.203.82
323,Rycca,Beresfore,rberesfore8y@drupal.org,Female,99.207.153.87
324,Gnni,Brayfield,gbrayfield8z@wp.com,Female,52.162.118.244
325,Dona,Bartolomucci,dbartolomucci90@wikispaces.com,Female,23.81.61.134
326,Hobard,Helm,hhelm91@ox.ac.uk,Male,115.189.70.86
327,Tull,Carle,tcarle92@freewebs.com,Male,33.155.5.43
328,D'arcy,O'Regan,doregan93@devhub.com,Male,86.101.1.70
329,Kristoffer,Lainton,klainton94@comsenz.com,Male,83.3.53.142
330,Emile,MacGraith,emacgraith95@163.com,Male,131.58.52.244
331,Reilly,Code,rcode96@google.ca,Male,9.60.251.149
332,Ruby,Ferandez,rferandez97@ucoz.ru,Male,70.5.188.199
333,Jerry,Lampel,jlampel98@tripod.com,Male,177.94.32.150
334,Alastair,Kencott,akencott99@technorati.com,Male,217.31.153.58
335,Eugenio,Blacklidge,eblacklidge9a@google.co.uk,Male,33.51.127.238
336,Dieter,Bollam,dbollam9b@umich.edu,Male,151.102.186.114
337,Daryl,Carbery,dcarbery9c@imdb.com,Male,186.93.128.85
338,Constancia,Tennet,ctennet9d@irs.gov,Female,196.228.90.51
339,Rowan,Curston,rcurston9e@mashable.com,Genderfluid,217.238.83.92
340,Laney,Gogan,lgogan9f@symantec.com,Female,111.245.50.71
341,Tyrone,Cotmore,tcotmore9g@auda.org.au,Male,78.191.32.115
342,Nananne,Sibborn,nsibborn9h@t.co,Female,66.241.251.71
343,Wittie,Bygott,wbygott9i@economist.com,Male,4.223.66.227
344,Rolph,Dumphries,rdumphries9j@constantcontact.com,Male,0.112.183.19
345,Madelle,Nanson,mnanson9k@macromedia.com,Female,105.183.30.95
346,Arleta,Blanden,ablanden9l@mediafire.com,Female,81.164.76.45
347,Mirilla,Firle,mfirle9m@lycos.com,Female,90.26.179.149
348,Boyce,Ponter,bponter9n@ezinearticles.com,Male,247.38.144.244
349,Paton,Jerratsch,pjerratsch9o@paginegialle.it,Male,255.146.55.25
350,Gus,Drewett,gdrewett9p@ycombinator.com,Female,28.41.47.58
351,Annette,Antonutti,aantonutti9q@youku.com,Female,107.88.227.119
352,Claudell,Whitwell,cwhitwell9r@blogger.com,Male,97.15.21.120
353,Deanna,Setter,dsetter9s@miibeian.gov.cn,Female,237.99.235.233
354,Abeu,Spedding,aspedding9t@sciencedaily.com,Male,114.143.173.199
355,Domini,Elliman,delliman9u@ovh.net,Female,161.135.232.38
356,Prent,Gouch,pgouch9v@xrea.com,Male,163.77.116.188
357,Charisse,Cullity,ccullity9w@so-net.ne.jp,Female,177.41.164.105
358,Zachery,Barthrop,zbarthrop9x@yale.edu,Male,125.150.219.237
359,Somerset,Blues,sblues9y@istockphoto.com,Bigender,87.247.200.64
360,Kippar,Verdun,kverdun9z@sbwire.com,Male,128.151.84.198
361,Barnie,Gamett,bgametta0@w3.org,Male,40.27.184.9
362,Daveta,Burner,dburnera1@reference.com,Female,135.254.71.101
363,Jonas,Rappaport,jrappaporta2@php.net,Male,120.7.6.18
364,Basia,Pickrill,bpickrilla3@upenn.edu,Female,52.203.160.164
365,Ellsworth,Moulin,emoulina4@bluehost.com,Male,34.92.124.60
366,Licha,Wortley,lwortleya5@meetup.com,Female,203.6.255.240
367,Anson,Tommis,atommisa6@wordpress.com,Male,224.63.181.56
368,Jimmy,Stilly,jstillya7@tripod.com,Male,36.179.171.197
369,Cecilla,Letrange,cletrangea8@wikimedia.org,Female,222.205.58.254
370,Myrvyn,Jedrasik,mjedrasika9@nytimes.com,Male,238.32.163.3
371,Nora,Dexter,ndexteraa@craigslist.org,Female,100.61.71.109
372,Raye,Caudrey,rcaudreyab@alexa.com,Female,72.223.86.205
373,Goldia,Bessett,gbessettac@dot.gov,Female,108.18.232.83
374,Kacey,Blight,kblightad@webnode.com,Female,152.149.251.215
375,Abba,Castagneri,acastagneriae@is.gd,Male,25.32.211.93
376,Tatiana,Storrock,tstorrockaf@arstechnica.com,Female,128.64.57.82
377,Barnebas,Gummoe,bgummoeag@skyrock.com,Male,246.17.178.52
378,Luke,Goodlake,lgoodlakeah@yellowpages.com,Male,160.60.192.169
379,Leland,Dane,ldaneai@google.de,Female,102.61.74.218
380,Brandtr,Ygou,bygouaj@dyndns.org,Male,80.252.219.210
381,Inez,Poulston,ipoulstonak@upenn.edu,Female,49.118.147.179
382,Garner,Gullefant,ggullefantal@cam.ac.uk,Male,236.227.90.118
383,Thorin,Eastup,teastupam@youtu.be,Male,48.93.155.142
384,Eugene,Meeking,emeekingan@livejournal.com,Male,125.16.95.76
385,Estell,Brettel,ebrettelao@nbcnews.com,Female,209.78.86.123
386,Joleen,Bly,jblyap@google.com.hk,Female,217.132.93.68
387,Anna-diane,Pringley,apringleyaq@free.fr,Female,191.154.46.252
388,Fay,Mountcastle,fmountcastlear@ehow.com,Female,166.124.128.153
389,Randolf,McBeith,rmcbeithas@independent.co.uk,Male,79.177.21.126
390,Hew,Wigley,hwigleyat@mit.edu,Male,231.201.10.77
391,Corine,Linnard,clinnardau@mozilla.com,Female,234.231.214.101
392,Krystyna,Burgne,kburgneav@360.cn,Female,63.110.249.212
393,Tallie,Rozier,trozieraw@ameblo.jp,Female,169.250.121.182
394,Charlotte,Chapell,cchapellax@mit.edu,Female,32.249.132.203
395,Malia,Bolland,mbollanday@lulu.com,Female,208.188.13.176
396,Adiana,Naisbitt,anaisbittaz@mlb.com,Female,98.240.223.30
397,Herve,Atthow,hatthowb0@tuttocitta.it,Male,250.110.187.158
398,Maren,Wace,mwaceb1@answers.com,Female,102.64.156.220
399,Charlot,Lowis,clowisb2@i2i.jp,Female,179.71.81.51
400,Greg,Sartain,gsartainb3@t-online.de,Male,67.114.101.99
401,Ursa,Conaghy,uconaghyb4@webnode.com,Female,159.93.19.49
402,Noah,Giacoppoli,ngiacoppolib5@usa.gov,Male,129.91.238.199
403,Robbert,Hedditeh,rhedditehb6@blogger.com,Male,209.153.94.221
404,Alphard,Lowater,alowaterb7@furl.net,Male,42.116.71.194
405,Neile,Syalvester,nsyalvesterb8@jiathis.com,Female,202.82.180.86
406,Rory,Cadany,rcadanyb9@hp.com,Male,104.183.35.176
407,Baily,Steart,bsteartba@themeforest.net,Male,221.87.173.142
408,Karney,Ganford,kganfordbb@google.cn,Bigender,7.60.209.19
409,Tasia,Iveson,tivesonbc@usda.gov,Female,82.65.163.154
410,Evangeline,Grayshon,egrayshonbd@google.co.jp,Female,154.158.169.96
411,Blinni,Saura,bsaurabe@google.pl,Female,186.202.162.94
412,Koenraad,Chritchlow,kchritchlowbf@jalbum.net,Male,177.187.159.110
413,Lock,Birk,lbirkbg@blogtalkradio.com,Male,140.37.29.178
414,Jeannie,Tatlock,jtatlockbh@msn.com,Female,13.204.172.156
415,Vittorio,Du Fray,vdufraybi@foxnews.com,Male,239.75.65.0
416,Elladine,Yelland,eyellandbj@booking.com,Female,94.102.212.244
417,Shanan,Ivanchenkov,sivanchenkovbk@jalbum.net,Male,122.110.197.71
418,Jamil,Ricker,jrickerbl@imageshack.us,Male,221.48.225.173
419,Rubina,Chaman,rchamanbm@senate.gov,Female,249.80.65.66
420,Tally,Jean,tjeanbn@yahoo.co.jp,Male,62.64.65.253
421,Faber,Starmont,fstarmontbo@google.nl,Male,41.17.243.37
422,Aristotle,Brahm,abrahmbp@google.nl,Male,87.107.211.220
423,Evonne,Ivachyov,eivachyovbq@cnet.com,Female,202.67.208.44
424,Geri,Keech,gkeechbr@auda.org.au,Female,131.189.141.180
425,Derril,Moro,dmorobs@squarespace.com,Male,244.112.243.2
426,Annalee,Matyasik,amatyasikbt@mapquest.com,Female,80.200.78.157
427,Zak,Rebert,zrebertbu@reuters.com,Male,203.254.99.1
428,Alberik,Bootyman,abootymanbv@wordpress.org,Male,185.67.222.10
429,Yale,O'Hartnett,yohartnettbw@ameblo.jp,Male,35.3.171.101
430,Wilhelm,Biddy,wbiddybx@digg.com,Male,31.147.97.86
431,Evangelia,Pordall,epordallby@walmart.com,Genderfluid,204.112.186.41
432,Tulley,Fried,tfriedbz@forbes.com,Male,160.37.96.45
433,Bale,Ritelli,britellic0@gmpg.org,Male,251.179.28.79
434,Ellery,Farnall,efarnallc1@cnbc.com,Male,124.28.196.179
435,Morlee,Kapiloff,mkapiloffc2@dropbox.com,Male,102.247.254.185
436,Glenden,Petric,gpetricc3@fc2.com,Male,203.50.93.176
437,Jaye,Sinson,jsinsonc4@earthlink.net,Male,253.195.143.73
438,Sande,MacAdam,smacadamc5@ezinearticles.com,Female,224.131.100.135
439,Christye,Gerg,cgergc6@apple.com,Female,89.149.198.135
440,Freddy,Cambden,fcambdenc7@nih.gov,Male,73.31.170.239
441,Ajay,Jacobsohn,ajacobsohnc8@sakura.ne.jp,Female,198.229.189.125
442,Ashli,Scurrah,ascurrahc9@alibaba.com,Female,216.159.23.111
443,Garik,Monsey,gmonseyca@blogtalkradio.com,Male,156.154.201.119
444,Dione,Sasser,dsassercb@home.pl,Female,214.235.202.33
445,Channa,Trubshaw,ctrubshawcc@chronoengine.com,Female,137.150.190.111
446,Baxter,Want,bwantcd@discovery.com,Male,100.244.67.4
447,Eadmund,Messenbird,emessenbirdce@weebly.com,Male,250.100.213.220
448,Marleah,Wileman,mwilemancf@alibaba.com,Female,70.193.191.231
449,Nada,McNirlin,nmcnirlincg@eepurl.com,Bigender,134.187.82.187
450,Randi,Gleed,rgleedch@ycombinator.com,Male,10.219.194.165
451,Gasper,Teresa,gteresaci@newsvine.com,Male,41.68.31.114
452,Jessa,Booty,jbootycj@ask.com,Female,103.230.57.24
453,Sayers,Nyland,snylandck@goo.gl,Male,88.31.34.173
454,Edmund,Spier,espiercl@harvard.edu,Male,172.193.192.223
455,Jae,Brecher,jbrechercm@wsj.com,Male,31.35.19.200
456,Clark,Gilcriest,cgilcriestcn@cocolog-nifty.com,Male,247.217.108.139
457,Paulie,Oxtaby,poxtabyco@google.es,Female,247.127.52.129
458,Hamel,Mabbott,hmabbottcp@taobao.com,Male,125.131.171.18
459,Mady,Alan,malancq@mysql.com,Female,55.124.107.98
460,Mac,Jurisch,mjurischcr@engadget.com,Male,179.135.232.131
461,Yevette,Brewster,ybrewstercs@imageshack.us,Female,36.212.159.200
462,Kory,Spinola,kspinolact@cpanel.net,Male,87.142.44.175
463,Gloria,Gainor,ggainorcu@imdb.com,Polygender,10.163.231.67
464,Fanni,Bailes,fbailescv@sciencedirect.com,Female,171.237.99.188
465,Joli,O'Beirne,jobeirnecw@eventbrite.com,Female,33.124.105.9
466,Gothart,Boriston,gboristoncx@microsoft.com,Male,193.222.236.236
467,Everard,Laughtisse,elaughtissecy@aol.com,Male,102.110.42.113
468,Minette,Hairyes,mhairyescz@jugem.jp,Female,236.185.168.226
469,Scotty,Carrabott,scarrabottd0@oracle.com,Male,191.244.77.154
470,Charlton,Schwandermann,cschwandermannd1@plala.or.jp,Male,129.28.185.249
471,Wylma,Whartonby,wwhartonbyd2@artisteer.com,Female,23.109.13.59
472,Malena,Spadelli,mspadellid3@google.cn,Female,99.233.45.163
473,Sanderson,Eslie,seslied4@histats.com,Male,107.196.217.7
474,Skyler,Lace,slaced5@123-reg.co.uk,Male,79.166.161.81
475,Ekaterina,Frigout,efrigoutd6@sogou.com,Female,156.245.101.246
476,Edgar,Trytsman,etrytsmand7@opensource.org,Male,92.251.69.57
477,Tessa,Le Noire,tlenoired8@cbsnews.com,Female,103.82.91.114
478,Arleen,Feilden,afeildend9@springer.com,Female,242.159.89.65
479,Gery,Fairbeard,gfairbeardda@seattletimes.com,Male,81.94.82.190
480,Billy,Lovitt,blovittdb@va.gov,Male,207.225.141.138
481,Morganne,Kendell,mkendelldc@amazon.co.uk,Female,108.199.92.1
482,Wallis,Fewings,wfewingsdd@bloglovin.com,Male,61.133.195.50
483,Claudelle,Wane,cwanede@macromedia.com,Bigender,187.191.88.209
484,Fowler,Punton,fpuntondf@github.com,Male,79.238.189.122
485,Kaile,Pidcock,kpidcockdg@zimbio.com,Female,11.169.211.113
486,Nevile,Nairne,nnairnedh@prnewswire.com,Male,180.184.241.180
487,Jarrid,Antonelli,jantonellidi@paginegialle.it,Genderqueer,251.204.38.108
488,Kass,Berceros,kbercerosdj@issuu.com,Female,180.78.96.126
489,Heda,Kingsmill,hkingsmilldk@abc.net.au,Female,5.166.197.68
490,Giulio,Castelyn,gcastelyndl@amazonaws.com,Male,27.150.134.2
491,Ami,Walshe,awalshedm@samsung.com,Agender,178.29.48.183
492,Hillary,Curragh,hcurraghdn@arstechnica.com,Male,84.116.88.45
493,Ashia,Kilbey,akilbeydo@issuu.com,Genderfluid,192.42.64.215
494,Gennie,Stebbins,gstebbinsdp@histats.com,Female,32.171.237.67
495,Marlena,McManus,mmcmanusdq@addthis.com,Non-binary,104.202.69.248
496,Chickie,Yemm,cyemmdr@loc.gov,Male,154.34.166.18
497,Eolande,Coursor,ecoursords@cdc.gov,Polygender,174.151.110.90
498,Tallie,Durtnel,tdurtneldt@godaddy.com,Male,3.236.114.202
499,Son,Salkild,ssalkilddu@blinklist.com,Male,140.154.205.95
500,Cyndia,Dwight,cdwightdv@ftc.gov,Female,131.61.206.203
